"id","population","total_roh_length","n_roh","Froh"
"ALL_RunHi1c-TAG-10.bam","D. abyssinica",6604,1,1.44749340631026e-05
"ALL_RunHi1c-TAG-11.bam","D. abyssinica",28997,2,6.35568841653221e-05
"ALL_RunHi1c-TAG-12.bam","Western D. praehensilis x D. rotundata",9244,1,2.02614007388432e-05
"ALL_RunHi1c-TAG-22.bam","Western D. praehensilis",6538,1,1.43302723962091e-05
"ALL_RunHi1c-TAG-23.bam","Western D. praehensilis",3806,1,8.34215612419271e-06
"ALL_RunHi1c-TAG-24.bam","Western D. praehensilis",8562,2,1.87665635142769e-05
"ALL_RunHi1c-TAG-25.bam","Western D. praehensilis",8396,2,1.84027175036054e-05
"ALL_RunHi1c-TAG-3.bam","Western D. praehensilis",11339,2,2.48533127409935e-05
"ALL_RunHi1c-TAG-32.bam","Western D. praehensilis",7262,1,1.59171670451622e-05
"ALL_RunHi1c-TAG-33.bam","D. abyssinica",11452,2,2.51009910494627e-05
"ALL_RunHi1c-TAG-34.bam","D. abyssinica",6827,1,1.49637151497277e-05
"ALL_RunHi1c-TAG-35.bam","Western D. praehensilis x D. rotundata",11356,3,2.48905740794357e-05
"ALL_RunHi1c-TAG-38.bam","D. rotundata",11349,2,2.48752311753713e-05
"ALL_RunHi1c-TAG-39.bam","D. rotundata",5998,2,1.31466769398076e-05
"ALL_RunHi1c-TAG-44.bam","D. rotundata",12098,3,2.65169219102689e-05
"ALL_RunHi1c-TAG-47.bam","D. rotundata",3806,1,8.34215612419271e-06
"ALL_RunHi1c-TAG-5.bam","D. rotundata",13774,3,3.01904515119891e-05
"ALL_RunHi1c-TAG-50.bam","D. rotundata",25543,4,5.59862569312281e-05
"ALL_RunHi1c-TAG-51.bam","D. rotundata",13760,3,3.01597657038601e-05
"ALL_RunHi1c-TAG-53.bam","D. abyssinica",8954,2,1.96257661418869e-05
"ALL_RunHi1c-TAG-54.bam","Western D. praehensilis",1630,1,3.57270480358227e-06
"ALL_RunHi4c-TAG-100.bam","D. abyssinica",7220,1,1.58251096207754e-05
"ALL_RunHi4c-TAG-40.bam","Western D. praehensilis",1705,1,3.73709306141581e-06
"ALL_RunHi4c-TAG-41.bam","Western D. praehensilis",61288,3,0.000134333700614693
"ALL_RunHi4c-TAG-42.bam","Western D. praehensilis",13790,3,3.02255210069935e-05
"ALL_RunHi4c-TAG-43.bam","Western D. praehensilis",15258,3,3.34431471736554e-05
"ALL_RunHi4c-TAG-44.bam","Western D. praehensilis",11107,2,2.43448050634284e-05
"ALL_RunHi4c-TAG-46.bam","Western D. praehensilis x D. rotundata",15713,3,3.44404359378455e-05
"ALL_RunHi4c-TAG-47.bam","Western D. praehensilis x D. rotundata",15192,3,3.32984855067619e-05
"ALL_RunHi4c-TAG-48.bam","D. rotundata",30234,2,6.62681944978566e-05
"ALL_RunHi4c-TAG-49.bam","D. rotundata",29585,2,6.48456881067371e-05
"ALL_RunHi4c-TAG-50.bam","D. rotundata",33830,3,7.41500635001154e-05
"ALL_RunHi4c-TAG-51.bam","D. rotundata",7012,1,1.53692061857171e-05
"ALL_RunHi4c-TAG-52.bam","D. rotundata",12029,2,2.6365684713062e-05
"ALL_RunHi4c-TAG-54.bam","D. rotundata",25285,2,5.54207613242808e-05
"ALL_RunHi4c-TAG-56.bam","D. rotundata",16343,3,3.58212973036472e-05
"ALL_RunHi4c-TAG-57.bam","D. rotundata",18173,4,3.98323707947856e-05
"ALL_RunHi4c-TAG-58.bam","D. abyssinica x  D. rotundata",17576,4,3.85238402624306e-05
"ALL_RunHi4c-TAG-59.bam","D. abyssinica",14363,3,3.14814472968418e-05
"ALL_RunHi4c-TAG-60.bam","D. abyssinica",9306,2,2.03972950319856e-05
"ALL_RunHi4c-TAG-61.bam","D. abyssinica",11185,2,2.45157688515753e-05
"ALL_RunHi4c-TAG-62.bam","D. abyssinica",12029,2,2.6365684713062e-05
"ALL_RunHi4c-TAG-95.bam","D. abyssinica",2913,1,6.38483993425469e-06
"ALL_RunHi4c-TAG-98.bam","D. abyssinica",12029,2,2.6365684713062e-05
"ALL_RunHi4c-TAG-99.bam","D. abyssinica",13517,3,2.96271477484795e-05
"ALL_RunHi7c-TAG-102.bam","Western D. praehensilis",8525,2,1.8685465307079e-05
"ALL_RunHi7c-TAG-11.bam","Cameroonian D. praehensilis",53181,3,0.000116564425864607
"ALL_RunHi7c-TAG-12.bam","D. rotundata",11026,2,2.41672657449682e-05
"ALL_RunHi7c-TAG-13.bam","D. rotundata",8919,2,1.95490516215646e-05
"ALL_RunHi7c-TAG-15.bam","Cameroonian D. praehensilis",27217,4,5.96554028460728e-05
"ALL_RunHi7c-TAG-16.bam","D. rotundata",7661,1,1.67917125768367e-05
"ALL_RunHi7c-TAG-17.bam","Cameroonian D. praehensilis",25973,3,5.69287496094738e-05
"ALL_RunHi7c-TAG-18.bam","Cameroonian D. praehensilis",11429,2,2.50505786503937e-05
"ALL_RunHi7c-TAG-19.bam","Cameroonian D. praehensilis",12457,3,2.73037937044321e-05
"ALL_RunHi7c-TAG-20.bam","Cameroonian D. praehensilis",30501,3,6.6853416695744e-05
"ALL_RunHi7c-TAG-21.bam","D. rotundata",4327,1,9.48410655527636e-06
"ALL_RunHi7c-TAG-22.bam","D. rotundata",21407,3,4.69207924725679e-05
"ALL_RunHi7c-TAG-25.bam","Cameroonian D. praehensilis",30044,4,6.58517442446783e-05
"ALL_RunHi7c-TAG-26.bam","Cameroonian D. praehensilis",18848,2,4.13118651152875e-05
"ALL_RunHi7c-TAG-27.bam","Cameroonian D. praehensilis",28111,4,6.16149108794486e-05
"ALL_RunHi7c-TAG-28.bam","Cameroonian D. praehensilis",11446,3,2.5087839988836e-05
"ALL_RunHi7c-TAG-29.bam","Cameroonian D. praehensilis",35948,4,7.87923879013346e-05
"ALL_RunHi7c-TAG-30.bam","Cameroonian D. praehensilis",23560,3,5.16398313941094e-05
"ALL_RunHi7c-TAG-31.bam","Cameroonian D. praehensilis",21976,3,4.8167951388665e-05
"ALL_RunHi7c-TAG-32.bam","Cameroonian D. praehensilis",9822,2,2.15282862458804e-05
"ALL_RunHi7c-TAG-33.bam","Cameroonian D. praehensilis",7662,2,1.67939044202744e-05
"ALL_RunHi7c-TAG-34.bam","Cameroonian D. praehensilis",4320,2,9.4687636512119e-06
"ALL_RunHi7c-TAG-35.bam","Cameroonian D. praehensilis",33604,4,7.3654706883177e-05
"ALL_RunHi7c-TAG-37.bam","D. rotundata",13365,3,2.92939875459368e-05
"ALL_RunHi7c-TAG-38.bam","D. rotundata",26270,3,5.75797271104946e-05
"ALL_RunHi7c-TAG-40.bam","D. rotundata",17603,4,3.85830200352507e-05
"ALL_RunHi7c-TAG-41.bam","Western D. praehensilis",10860,2,2.38034197342966e-05
"ALL_RunHi7c-TAG-42.bam","Western D. praehensilis",7871,2,1.72519996987706e-05
"ALL_RunHi7c-TAG-43.bam","D. rotundata",9495,2,2.08115534417262e-05
"ALL_RunHi7c-TAG-45.bam","Western D. praehensilis",9486,2,2.07918268507861e-05
"ALL_RunHi7c-TAG-47.bam","D. rotundata",25654,3,5.62295515528218e-05
"ALL_RunHi7c-TAG-50.bam","Cameroonian D. praehensilis x D. abyssinica",14691,1,3.22003719444338e-05
"ALL_RunHi7c-TAG-51.bam","Cameroonian D. praehensilis x D. abyssinica",26864,3,5.88816821125362e-05
"ALL_RunHi7c-TAG-52.bam","Cameroonian D. praehensilis x D. abyssinica",14876,1,3.26058629804232e-05
"ALL_RunHi7c-TAG-55.bam","D. rotundata",12280,3,2.69158374159449e-05
"ALL_RunHi7c-TAG-57.bam","D. rotundata",17549,4,3.84646604896106e-05
"ALL_RunHi7c-TAG-59.bam","D. rotundata",18173,4,3.98323707947856e-05
"ALL_RunHi7c-TAG-60.bam","D. rotundata",5601,2,1.22765150950088e-05
"ALL_RunHi7c-TAG-61.bam","D. rotundata",16442,3,3.60382898039875e-05
"ALL_RunHi7c-TAG-62.bam","D. rotundata",18325,2,4.01655309973283e-05
"ALL_RunHi7c-TAG-64.bam","D. rotundata",16200,3,3.55078636920446e-05
"ALL_RunHi7c-TAG-65.bam","D. rotundata",15832,3,3.47012653069414e-05
"ALL_RunHi7c-TAG-66.bam","D. rotundata",10867,2,2.3818762638361e-05
"ALL_RunHi7c-TAG-68.bam","D. rotundata",114169,4,0.000250240573447966
"ALL_RunHi7c-TAG-69.bam","D. rotundata",7292,1,1.59829223482956e-05
"ALL_RunHi7c-TAG-70.bam","D. abyssinica",11032,2,2.41804168055948e-05
"ALL_RunHi7c-TAG-71.bam","D. abyssinica",7061,1,1.54766065141683e-05
"ALL_RunHi7c-TAG-72.bam","D. abyssinica",7127,1,1.56212681810619e-05
"ALL_RunHi7c-TAG-74.bam","D. abyssinica",29417,2,6.44774584091899e-05
"ALL_RunHi7c-TAG-75.bam","D. abyssinica",20987,2,4.60002182287e-05
"ALL_RunHi7c-TAG-76.bam","D. abyssinica",20987,2,4.60002182287e-05
"ALL_RunHi7c-TAG-77.bam","D. abyssinica",10605,2,2.32444996576625e-05
"ALL_RunHi7c-TAG-78.bam","D. abyssinica",28817,2,6.31623523465216e-05
"ALL_RunHi7c-TAG-8.bam","Cameroonian D. praehensilis",28294,2,6.20160182285624e-05
"ALL_RunHi7c-TAG-80.bam","D. abyssinica",13076,3,2.86605447924182e-05
"ALL_RunHi7c-TAG-81.bam","D. abyssinica",13304,3,2.91602850962322e-05
"ALL_RunHi7c-TAG-82.bam","D. abyssinica",15219,3,3.33576652795819e-05
"ALL_RunHi7c-TAG-83.bam","D. abyssinica",7226,1,1.58382606814021e-05
"ALL_RunHi7c-TAG-84.bam","D. abyssinica",6734,1,1.47598737100141e-05
"ALL_RunHi7c-TAG-85.bam","D. abyssinica",10933,2,2.39634243052546e-05
"ALL_RunHi7c-TAG-86.bam","D. abyssinica",28883,2,6.33070140134151e-05
"ALL_RunHi7c-TAG-89.bam","Western D. praehensilis",10473,2,2.29551763238755e-05
"ALL_RunHi7c-TAG-90.bam","Western D. praehensilis",7226,1,1.58382606814021e-05
"ALL_RunHi7c-TAG-91.bam","Western D. praehensilis",11576,3,2.53727796357474e-05
"ALL_RunHi7c-TAG-92.bam","D. abyssinica x  D. rotundata",5396,2,1.18271871902638e-05
"ALL_RunHi7c-TAG-93.bam","Western D. praehensilis",10818,2,2.37113623099098e-05
"ALL_RunHi7c-TAG-94.bam","Western D. praehensilis",3806,1,8.34215612419271e-06
"ALL_RunHi7c-TAG-96.bam","Western D. praehensilis",9138,2,2.00290653344385e-05
"ALL_RunHi7c-TAG-97.bam","Western D. praehensilis",4368,1,9.57397213622537e-06
"ALL_RunHi8c-TAG-10.bam","D. rotundata",22340,3,4.89657824000171e-05
"ALL_RunHi8c-TAG-11.bam","D. rotundata",12509,2,2.74177695631967e-05
"ALL_RunHi8c-TAG-12.bam","D. rotundata",11026,2,2.41672657449682e-05
"ALL_RunHi8c-TAG-13.bam","D. rotundata",18094,4,3.9659215163201e-05
"ALL_RunHi8c-TAG-14.bam","D. rotundata",15522,3,3.40217938412294e-05
"ALL_RunHi8c-TAG-16.bam","D. rotundata",6613,1,1.44946606540427e-05
"ALL_RunHi8c-TAG-17.bam","D. rotundata",2769,1,6.0692144792143e-06
"ALL_RunHi8c-TAG-18.bam","D. rotundata",21168,3,4.63969418909383e-05
"ALL_RunHi8c-TAG-19.bam","D. abyssinica x  D. rotundata",36888,2,8.08527207328483e-05
"ALL_RunHi8c-TAG-22.bam","D. rotundata",17738,4,3.88789188993511e-05
"ALL_RunHi8c-TAG-23.bam","D. rotundata",10028,2,2.19798059940632e-05
"ALL_RunHi8c-TAG-24.bam","D. rotundata",7012,1,1.53692061857171e-05
"ALL_RunHi8c-TAG-25.bam","D. rotundata",15850,3,3.47407184888214e-05
"ALL_RunHi8c-TAG-26.bam","D. rotundata",26435,3,5.79413812777284e-05
"ALL_RunHi8c-TAG-27.bam","D. rotundata",26435,3,5.79413812777284e-05
"ALL_RunHi8c-TAG-28.bam","Western D. praehensilis",13224,3,2.89849376212098e-05
"ALL_RunHi8c-TAG-29.bam","D. rotundata",16532,3,3.62355557133878e-05
"ALL_RunHi8c-TAG-31.bam","D. rotundata",6538,1,1.43302723962091e-05
"ALL_RunHi8c-TAG-32.bam","Western D. praehensilis x D. rotundata",6400,1,1.40277980017954e-05
"ALL_RunHi8c-TAG-34.bam","D. rotundata",18839,2,4.12921385243475e-05
"ALL_RunHi8c-TAG-35.bam","D. rotundata",4848,1,1.062605698636e-05
"ALL_RunHi8c-TAG-36.bam","D. rotundata",10422,3,2.28433923085487e-05
"ALL_RunHi8c-TAG-38.bam","D. rotundata",11032,2,2.41804168055948e-05
"ALL_RunHi8c-TAG-39.bam","D. rotundata",7220,1,1.58251096207754e-05
"ALL_RunHi8c-TAG-40.bam","D. rotundata",10422,2,2.28433923085487e-05
"ALL_RunHi8c-TAG-41.bam","D. rotundata",7226,1,1.58382606814021e-05
"ALL_RunHi8c-TAG-42.bam","D. rotundata",18766,2,4.11321339533895e-05
"ALL_RunHi8c-TAG-43.bam","D. rotundata",6604,1,1.44749340631026e-05
"ALL_RunHi8c-TAG-44.bam","D. rotundata",15661,3,3.43264600790809e-05
"ALL_RunHi8c-TAG-45.bam","D. rotundata",11712,1,2.56708703432856e-05
"ALL_RunHi8c-TAG-46.bam","D. rotundata",16442,3,3.60382898039875e-05
"ALL_RunHi8c-TAG-47.bam","D. rotundata",7661,1,1.67917125768367e-05
"ALL_RunHi8c-TAG-48.bam","D. rotundata",16315,3,3.57599256873894e-05
"ALL_RunHi8c-TAG-49.bam","D. rotundata",25644,4,5.6207633118444e-05
"ALL_RunHi8c-TAG-50.bam","D. rotundata",17675,4,3.87408327627709e-05
"ALL_RunHi8c-TAG-51.bam","D. rotundata",11849,2,2.59711528942615e-05
"ALL_RunHi8c-TAG-52.bam","D. rotundata",13999,3,3.06836162854897e-05
"ALL_RunHi8c-TAG-53.bam","D. rotundata",12827,3,2.81147757764109e-05
"ALL_RunHi8c-TAG-54.bam","D. rotundata",7226,1,1.58382606814021e-05
"ALL_RunHi8c-TAG-7.bam","Western D. praehensilis x D. rotundata",12652,3,2.77312031747993e-05
"ALL_RunHi8c-TAG-9.bam","D. rotundata",9695,2,2.12499221292823e-05
"ALL_RunHi1c-TAG-1.bam","D. abyssinica",0,0,0
"ALL_RunHi1c-TAG-36.bam","D. abyssinica x  D. rotundata",0,0,0
"ALL_RunHi1c-TAG-52.bam","Western D. praehensilis",0,0,0
"ALL_RunHi1c-TAG-7.bam","D. rotundata",0,0,0
"ALL_RunHi1c-TAG-8.bam","D. rotundata",0,0,0
"ALL_RunHi4c-TAG-39.bam","Western D. praehensilis x D. rotundata",0,0,0
"ALL_RunHi7c-TAG-39.bam","D. rotundata",0,0,0
"ALL_RunHi7c-TAG-56.bam","D. rotundata",0,0,0
"ALL_RunHi7c-TAG-87.bam","Western D. praehensilis",0,0,0
"ALL_RunHi8c-TAG-15.bam","D. rotundata",0,0,0
"ALL_RunHi8c-TAG-33.bam","D. rotundata",0,0,0
"ALL_RunHi8c-TAG-8.bam","D. rotundata",0,0,0
