SampleID,Longitude,Latitude,AWCh1,AWCh2,AWCh3,AWCtS,bio_01,bio_02,bio_03,bio_04,bio_05,bio_06,bio_07,bio_08,bio_09,bio_10,bio_11,bio_12,bio_13,bio_14,bio_15,bio_16,bio_17,bio_18,bio_19,BLDFIE,CECSOL,CLYPPT,CRFVOL,OCDENS,OCSTHA,ORCDRC,PHIHOX,PHIKCL,SLTPPT,SNDPPT,TEXMHT,WWP
ALL_RunHi1c-TAG-1.bam,2.4976,10.4767,15,12,10,40,26.97374916,12.81083202,70.38918304,178.2363281,35,16.79999924,18.20000076,25.18499947,26.0866642,29.51999855,25.18499947,1030.800171,242.9000702,0,106.3576431,652.8001099,3,174,652.8001099,1468,5,15,7,25,16,75,61,52,25,60,9,15
ALL_RunHi1c-TAG-10.bam,2.5022,8.4561,13,10,8,41,27.01999855,11.06500053,69.19966125,157.8794098,34.20000076,18.20999336,15.99000645,25.03666496,27.21666718,29.11999702,25.03666496,1026.700195,170,6,73.53089905,471.8001404,21.90006447,163,471.8001404,1421,29,10,15,76,16,75,62,54,19,71,9,17
ALL_RunHi1c-TAG-11.bam,1.9786,8.3744,13,10,8,43,26.72250366,11.13500404,70.92359924,145.3509521,33.79000473,18.09000587,15.69999886,24.89167213,26.89333725,28.66000366,24.89167213,1064.599609,181,5,78.42329407,523.1998901,16.09993553,160.0999298,523.1998901,1400,33,19,13,116,10,29,62,52,21,60,6,21
ALL_RunHi1c-TAG-12.bam,1.8039,7.5203,16,12,9,41,26.98707771,10.12749767,69.84481812,146.1255798,33.60999298,19.10999489,14.49999809,26.14166069,27.58999443,28.72665977,25.07499504,1011.600281,143.9000702,7,67.01924896,417.7001953,30,201,408.8001404,1406,8,10,18,86,5,0,64,56,17,74,9,11
ALL_RunHi1c-TAG-22.bam,1.8156,7.4958,17,12,9,42,27.11166763,10.10666847,70.18518829,146.0719604,33.70000076,19.29999924,14.40000153,26.28166771,27.71666718,28.85000038,25.19833374,1008.099915,143,7,66.4076004,414,31,203.1998749,403.9000549,1401,8,12,15,112,5,2,65,57,19,69,9,12
ALL_RunHi1c-TAG-23.bam,1.8156,7.4958,17,12,9,42,27.11166763,10.10666847,70.18518829,146.0719604,33.70000076,19.29999924,14.40000153,26.28166771,27.71666718,28.85000038,25.19833374,1008.099915,143,7,66.4076004,414,31,203.1998749,403.9000549,1401,8,12,15,112,5,2,65,57,19,69,9,12
ALL_RunHi1c-TAG-24.bam,2.1563,6.3882,12,9,7,43,27.22291756,7.09417057,65.74766541,122.861496,32.09000397,21.29999924,10.79000568,27.58000183,27.94833374,28.71333504,25.61500168,1139.700195,273,9,79.38833618,574,57.09993362,229,281.8001404,1386,37,18,7,179,13,31,59,52,16,66,9,21
ALL_RunHi1c-TAG-25.bam,2.1563,6.3879,12,9,7,43,27.22291756,7.09417057,65.74766541,122.861496,32.09000397,21.29999924,10.79000568,27.58000183,27.94833374,28.71333504,25.61500168,1139.700195,273,9,79.38833618,574,57.09993362,229,281.8001404,1386,37,18,7,179,13,31,59,52,16,66,9,21
ALL_RunHi1c-TAG-3.bam,2.0163,8.3663,14,10,8,44,26.74541473,11.04750156,70.41123962,148.3848724,33.79999924,18.10999489,15.6900053,24.87332916,26.92166328,28.71666718,24.87332916,1053.900024,177,5,78.18254852,516.8001099,16,159,516.8001099,1349,33,18,16,100,9,27,61,53,22,61,9,21
ALL_RunHi1c-TAG-32.bam,2.1564,6.3878,12,9,7,43,27.22291756,7.09417057,65.74766541,122.861496,32.09000397,21.29999924,10.79000568,27.58000183,27.94833374,28.71333504,25.61500168,1139.700195,273,9,79.38833618,574,57.09993362,229,281.8001404,1386,37,18,7,179,13,31,59,52,16,66,9,21
ALL_RunHi1c-TAG-33.bam,2.3159,10.2272,16,12,10,40,26.6641674,12.61500072,71.27119446,170.4283447,34.29000473,16.59000587,17.69999886,24.89666939,25.93000221,29.03000259,24.89666939,1073.39978,241.0999298,1,101.8708572,659.2998047,5,79,659.2998047,1452,6,16,11,49,14,63,63,51,24,60,9,15
ALL_RunHi1c-TAG-34.bam,2.3067,10.1826,14,10,8,41,26.57541847,12.33250618,71.28616333,168.92836,34,16.70000076,17.29999924,24.77833748,25.93000221,28.9283371,24.77833748,1075.199829,242,1,102.1156616,663,5,78.09993744,663,1439,19,19,13,68,15,67,62,51,21,60,6,18
ALL_RunHi1c-TAG-35.bam,1.8165,7.497,17,12,9,42,27.11166763,10.10666847,70.18518829,146.0719604,33.70000076,19.29999924,14.40000153,26.28166771,27.71666718,28.85000038,25.19833374,1008.099915,143,7,66.4076004,414,31,203.1998749,403.9000549,1401,8,12,15,112,5,2,65,57,19,69,9,12
ALL_RunHi1c-TAG-36.bam,1.7976,7.5293,16,11,9,40,26.95833015,10.15999794,70.0689621,146.883606,33.59999847,19.10000038,14.49999809,26.11999702,27.55499649,28.71833229,25.03666496,1013.700195,144,8,66.86550903,417.9000549,31,201.9000702,410.8001404,1440,8,10,21,92,5,1,64,56,17,73,9,11
ALL_RunHi1c-TAG-38.bam,2.3,10.2,12,9,8,42,26.5858345,12.46500683,71.2692337,170.1689758,34.09000397,16.60000038,17.49000549,24.78333282,25.89999962,28.94833374,24.78333282,1075.099976,242,1,102.2098465,663,5,78,663,1429,31,18,13,53,14,65,62,50,22,60,9,21
ALL_RunHi1c-TAG-39.bam,2.3,10.2,12,9,8,42,26.5858345,12.46500683,71.2692337,170.1689758,34.09000397,16.60000038,17.49000549,24.78333282,25.89999962,28.94833374,24.78333282,1075.099976,242,1,102.2098465,663,5,78,663,1429,31,18,13,53,14,65,62,50,22,60,9,21
ALL_RunHi1c-TAG-44.bam,1.97,8.37,13,10,8,43,26.67124939,11.08583736,70.65544891,145.4729614,33.70000076,18.00999451,15.69000721,24.83166695,26.8516655,28.6016655,24.83166695,1070.60022,181.9000702,5,78.50035858,526.8001099,16,161.0999298,526.8001099,1381,33,19,15,116,10,31,62,52,21,61,9,21
ALL_RunHi1c-TAG-47.bam,1.75,7.43,16,11,9,42,26.97208023,10.16583347,70.59606934,143.2120209,33.50999451,19.10999489,14.39999962,26.17166328,27.53833008,28.68999481,25.10333061,1024,144,7.900064945,64.87824249,413.9000549,33.90006638,213,398,1382,8,10,14,115,6,2,64,57,15,74,9,10
ALL_RunHi1c-TAG-5.bam,2.42,10.24,16,12,10,40,26.58916855,12.6483345,71.4595108,167.3466492,34.20000076,16.5,17.70000076,24.78166771,26.5150013,28.89999962,24.78166771,1075.199829,240.9000702,0,102.0421906,659,3,77,659,1452,5,13,11,45,16,72,63,52,23,65,9,13
ALL_RunHi1c-TAG-50.bam,2.27,10.4,15,12,10,41,26.94249916,12.8983345,70.48269653,179.3491669,34.90000153,16.60000038,18.30000114,25.13499832,26.66666794,29.48333359,25.13499832,1042,245,0,106.2698669,663.9000854,3,174.0999298,663.9000854,1445,6,17,11,47,15,71,62,51,25,59,9,16
ALL_RunHi1c-TAG-51.bam,2.52,10.48,15,12,9,40,26.97999573,12.91333485,70.18117523,181.965271,35.09999847,16.70000076,18.39999771,25.1883297,26.06830025,29.58832932,25.1883297,1030.900024,242,0,106.0293808,649.9000854,3,176.8001251,649.9000854,1467,7,16,8,46,15,67,61,50,26,59,9,16
ALL_RunHi1c-TAG-52.bam,2.0344,8.4282,14,10,9,44,26.77083588,10.97166348,69.88320923,150.6444855,33.79999924,18.10000038,15.69999886,24.88166809,26.96000481,28.76166916,24.88166809,1055.099976,176.0999298,5,78.18211365,518.0999146,16,159,518.0999146,1356,31,19,13,122,10,29,61,53,23,59,9,21
ALL_RunHi1c-TAG-53.bam,1.505,11.0522,15,12,10,41,28.12916374,13.0866642,68.51656342,199.515152,36.5,17.39999962,19.10000038,26.11999702,27.75666237,31.05333138,26.11999702,946,236,0,109.6936951,619,4,142,619,1446,8,21,8,27,15,68,64,53,30,50,7,19
ALL_RunHi1c-TAG-54.bam,2.0157,8.3702,14,10,8,44,26.74541473,11.04750156,70.41123962,148.3848724,33.79999924,18.10999489,15.6900053,24.87332916,26.92166328,28.71666718,24.87332916,1053.900024,177,5,78.18254852,516.8001099,16,159,516.8001099,1349,33,18,16,100,9,27,61,53,22,61,9,21
ALL_RunHi1c-TAG-7.bam,1.7975,7.5292,16,11,9,40,26.95833015,10.15999794,70.0689621,146.883606,33.59999847,19.10000038,14.49999809,26.11999702,27.55499649,28.71833229,25.03666496,1013.700195,144,8,66.86550903,417.9000549,31,201.9000702,410.8001404,1440,8,10,21,92,5,1,64,56,17,73,9,11
ALL_RunHi1c-TAG-8.bam,1.7975,7.5292,16,11,9,40,26.95833015,10.15999794,70.0689621,146.883606,33.59999847,19.10000038,14.49999809,26.11999702,27.55499649,28.71833229,25.03666496,1013.700195,144,8,66.86550903,417.9000549,31,201.9000702,410.8001404,1440,8,10,21,92,5,1,64,56,17,73,9,11
ALL_RunHi4c-TAG-100.bam,-0.8495,10.5182,15,12,9,39,28.15583229,12.1916666,66.6211319,205.4776917,36.09999847,17.79999924,18.29999924,25.89999962,28.1016655,30.96833229,25.89999962,1010.80011,235.9000702,1,99.25812531,607.8001099,8,78,607.8001099,1496,5,13,14,60,15,68,62,54,26,61,9,14
ALL_RunHi4c-TAG-39.bam,-0.6157,5.6951,16,12,10,43,26.42333221,8.021669388,72.924263,99.93456268,31.20000076,20.20000076,11,26.82332993,26.96833229,27.55333138,25.04999924,1275.700806,236.8001251,28,56.25330353,548.6002808,136.9000702,306.6002502,232.7001953,1375,10,16,18,174,8,5,60,57,21,63,9,15
ALL_RunHi4c-TAG-40.bam,-0.6647,5.712,17,13,11,44,26.40583801,8.218338013,73.44360352,99.09465027,31.29000664,20.10000038,11.1900053,26.8116703,26.94000626,27.52667046,25.04500389,1341.900024,243,30,54.47903442,564,148,323,246,1348,11,15,14,208,9,7,59,56,26,59,9,16
ALL_RunHi4c-TAG-41.bam,-0.6647,5.7119,17,13,11,44,26.40583801,8.218338013,73.44360352,99.09465027,31.29000664,20.10000038,11.1900053,26.8116703,26.94000626,27.52667046,25.04500389,1341.900024,243,30,54.47903442,564,148,323,246,1348,11,15,14,208,9,7,59,56,26,59,9,16
ALL_RunHi4c-TAG-42.bam,-0.6648,5.712,17,13,11,44,26.40583801,8.218338013,73.44360352,99.09465027,31.29000664,20.10000038,11.1900053,26.8116703,26.94000626,27.52667046,25.04500389,1341.900024,243,30,54.47903442,564,148,323,246,1348,11,15,14,208,9,7,59,56,26,59,9,16
ALL_RunHi4c-TAG-43.bam,-0.6649,5.7118,17,13,11,44,26.40583801,8.218338013,73.44360352,99.09465027,31.29000664,20.10000038,11.1900053,26.8116703,26.94000626,27.52667046,25.04500389,1341.900024,243,30,54.47903442,564,148,323,246,1348,11,15,14,208,9,7,59,56,26,59,9,16
ALL_RunHi4c-TAG-44.bam,-0.3944,6.5386,16,12,9,43,24.72585106,9.473334312,75.7866745,103.6329956,30.37001991,17.87001991,12.5,25.14001656,25.205019,26.05501747,23.38668633,1460.99939,216,24,50.39886475,534.1998901,123.0999374,343.3997498,406.4996643,1370,11,18,17,187,9,13,60,56,19,63,9,16
ALL_RunHi4c-TAG-46.bam,-1.0731,6.4729,16,12,9,43,26.25000191,9.321668625,74.573349,101.8234711,31.79999924,19.29999924,12.5,26.74500275,26.64666939,27.48333359,24.91000366,1404.39978,204,15.09993553,51.13117981,519.0999146,111.1998672,334.1998596,384,1371,10,17,17,165,8,11,57,54,21,62,9,16
ALL_RunHi4c-TAG-47.bam,-1.0733,6.4727,16,12,9,43,26.25000191,9.321668625,74.573349,101.8234711,31.79999924,19.29999924,12.5,26.74500275,26.64666939,27.48333359,24.91000366,1404.39978,204,15.09993553,51.13117981,519.0999146,111.1998672,334.1998596,384,1371,10,17,17,165,8,11,57,54,21,62,9,16
ALL_RunHi4c-TAG-48.bam,-1.3262,7.5412,17,12,10,40,26.57083893,9.574999809,72.53788757,120.7046814,32.59000397,19.39000511,13.19999886,26.12500572,27.05833817,28.22333908,25.14333725,1199.699585,184.0999298,5,64.74711609,475.2998047,44,236.0999298,421.1998596,1433,4,8,13,104,5,0,62,55,22,71,9,10
ALL_RunHi4c-TAG-49.bam,-0.9636,7.8194,17,13,10,41,27.26791763,10.03916836,71.25048828,130.4270935,33.59000397,19.5,14.09000492,26.74666786,27.74833488,29.08166695,25.74500275,1201.099976,198,5,68.54010773,485,35.09993362,206,476,1405,17,7,17,52,6,15,61,53,28,65,9,15
ALL_RunHi4c-TAG-50.bam,-1.8371,8.1474,14,11,9,41,27.33166313,9.704997063,68.78110504,153.5802307,33.80999374,19.70000076,14.10999203,26.57332802,28.2749939,29.40333176,25.50666237,1111.700195,180.9000702,4,66.60748291,429.9000549,33,216,418.8001404,1430,31,10,15,76,8,23,62,55,25,64,9,18
ALL_RunHi4c-TAG-51.bam,-1.8374,8.1481,14,11,9,41,27.33166313,9.704997063,68.78110504,153.5802307,33.80999374,19.70000076,14.10999203,26.57332802,28.2749939,29.40333176,25.50666237,1111.700195,180.9000702,4,66.60748291,429.9000549,33,216,418.8001404,1430,31,10,15,76,8,23,62,55,25,64,9,18
ALL_RunHi4c-TAG-52.bam,-1.836,8.1471,14,11,9,41,27.33166313,9.704997063,68.78110504,153.5802307,33.80999374,19.70000076,14.10999203,26.57332802,28.2749939,29.40333176,25.50666237,1111.700195,180.9000702,4,66.60748291,429.9000549,33,216,418.8001404,1430,31,10,15,76,8,23,62,55,25,64,9,18
ALL_RunHi4c-TAG-54.bam,-1.7818,8.1295,14,11,9,42,27.40042496,9.759165764,69.21395111,149.796524,33.79000473,19.69000626,14.09999847,26.65500641,28.33667564,29.40334129,25.60667419,1119.199829,182.0999298,4,66.65966797,434.9000549,33,217,421.0999451,1407,32,13,14,71,5,2,63,55,30,57,9,20
ALL_RunHi4c-TAG-56.bam,-0.1862,9.4311,13,10,8,40,27.51166344,11.61666679,67.93373108,178.8959351,35.10999298,18.00999451,17.09999847,25.5716629,27.8216629,30.10333061,25.5716629,1172.900024,244.9000702,2,88.47600555,639.8001099,14,127,639.8001099,1462,31,11,12,51,14,63,62,53,26,63,9,19
ALL_RunHi4c-TAG-57.bam,-0.1857,9.4312,13,10,8,40,27.51166344,11.61666679,67.93373108,178.8959351,35.10999298,18.00999451,17.09999847,25.5716629,27.8216629,30.10333061,25.5716629,1172.900024,244.9000702,2,88.47600555,639.8001099,14,127,639.8001099,1462,31,11,12,51,14,63,62,53,26,63,9,19
ALL_RunHi4c-TAG-58.bam,-0.0256,9.4998,15,11,9,39,27.48957825,11.80249786,68.61917877,178.7714233,35.09999847,17.89999962,17.19999886,25.50666237,27.85666275,30.05499649,25.50666237,1190.900024,249,2,89.25959778,655.9000854,13.09993553,124,655.9000854,1490,4,12,17,21,17,89,59,54,21,68,9,12
ALL_RunHi4c-TAG-59.bam,-0.8492,10.5178,15,12,9,39,28.15583229,12.1916666,66.6211319,205.4776917,36.09999847,17.79999924,18.29999924,25.89999962,28.1016655,30.96833229,25.89999962,1010.80011,235.9000702,1,99.25812531,607.8001099,8,78,607.8001099,1496,5,13,14,60,15,68,62,54,26,61,9,14
ALL_RunHi4c-TAG-60.bam,-0.8492,10.5179,15,12,9,39,28.15583229,12.1916666,66.6211319,205.4776917,36.09999847,17.79999924,18.29999924,25.89999962,28.1016655,30.96833229,25.89999962,1010.80011,235.9000702,1,99.25812531,607.8001099,8,78,607.8001099,1496,5,13,14,60,15,68,62,54,26,61,9,14
ALL_RunHi4c-TAG-61.bam,-0.8492,10.518,15,12,9,39,28.15583229,12.1916666,66.6211319,205.4776917,36.09999847,17.79999924,18.29999924,25.89999962,28.1016655,30.96833229,25.89999962,1010.80011,235.9000702,1,99.25812531,607.8001099,8,78,607.8001099,1496,5,13,14,60,15,68,62,54,26,61,9,14
ALL_RunHi4c-TAG-62.bam,-0.8503,10.5187,15,11,9,39,28.24125671,12.20083332,66.67121887,205.1924286,36.19000626,17.89000511,18.30000114,25.9900074,28.16000366,31.05833817,25.9900074,1002.599609,235,1,99.58580017,604.1998901,7.099935055,172.5067902,604.1998901,1497,6,14,13,78,15,68,61,55,26,61,9,15
ALL_RunHi4c-TAG-95.bam,-0.8502,10.5186,15,11,9,39,28.24125671,12.20083332,66.67121887,205.1924286,36.19000626,17.89000511,18.30000114,25.9900074,28.16000366,31.05833817,25.9900074,1002.599609,235,1,99.58580017,604.1998901,7.099935055,172.5067902,604.1998901,1497,6,14,13,78,15,68,61,55,26,61,9,15
ALL_RunHi4c-TAG-98.bam,-0.8497,10.5184,15,12,9,39,28.15583229,12.1916666,66.6211319,205.4776917,36.09999847,17.79999924,18.29999924,25.89999962,28.1016655,30.96833229,25.89999962,1010.80011,235.9000702,1,99.25812531,607.8001099,8,78,607.8001099,1496,5,13,14,60,15,68,62,54,26,61,9,14
ALL_RunHi4c-TAG-99.bam,-0.8498,10.5184,15,12,9,39,28.15583229,12.1916666,66.6211319,205.4776917,36.09999847,17.79999924,18.29999924,25.89999962,28.1016655,30.96833229,25.89999962,1010.80011,235.9000702,1,99.25812531,607.8001099,8,78,607.8001099,1496,5,13,14,60,15,68,62,54,26,61,9,14
ALL_RunHi7c-TAG-102.bam,5.0327,7.2014,15,11,9,44,25.44291115,9.750832558,71.69730377,120.1201172,31.80999374,18.20999336,13.59999847,23.95999336,25.85832787,27.04332733,23.95999336,1493.900024,252.9000702,8,67.04938507,622.9000854,57,268,622.9000854,1340,11,22,13,171,12,25,57,53,18,61,6,17
ALL_RunHi7c-TAG-11.bam,13.777,4.5748,14,10,8,46,23.72125053,10.07416725,81.24328613,73.32872009,29.60000038,17.20000076,12.39999962,23.21666718,23.68499947,24.70000076,22.91666603,1503.299805,269.0999451,17,64.5632019,669.0999146,68,258,512,1307,11,31,9,233,17,55,56,48,16,53,6,21
ALL_RunHi7c-TAG-12.bam,13.7696,4.5782,14,11,9,45,23.70291519,10.09750175,81.43146515,72.30122375,29.60000038,17.20000076,12.39999962,23.20333099,23.66999817,24.66999817,22.91833305,1503.099976,268.0999451,17.09993553,64.52985382,668.9000854,68.09993744,258,512.7001953,1326,13,31,10,211,17,57,56,48,18,52,6,21
ALL_RunHi7c-TAG-13.bam,13.7696,4.5782,14,11,9,45,23.70291519,10.09750175,81.43146515,72.30122375,29.60000038,17.20000076,12.39999962,23.20333099,23.66999817,24.66999817,22.91833305,1503.099976,268.0999451,17.09993553,64.52985382,668.9000854,68.09993744,258,512.7001953,1326,13,31,10,211,17,57,56,48,18,52,6,21
ALL_RunHi7c-TAG-15.bam,13.4584,4.564,14,10,8,46,23.59375191,9.787502289,80.29144287,73.03348541,29.39000511,17.20000076,12.1900053,23.11500168,23.54833412,24.54666901,22.81333542,1510.900024,272.9000549,19,64.55918884,655.9000854,71,269,408,1321,13,32,9,233,19,63,55,50,18,51,6,22
ALL_RunHi7c-TAG-16.bam,13.4375,4.5652,14,10,8,47,23.5008297,9.708333015,80.90277863,71.67601013,29.20000076,17.20000076,12,23.02166367,23.48666573,24.45166588,22.72332954,1513.900024,273,19,64.58618927,656.9000854,71,269.9000549,409.9000549,1284,13,34,9,220,16,45,54,50,16,51,6,22
ALL_RunHi7c-TAG-17.bam,13.1684,4.5995,15,11,9,47,23.82291794,9.845835686,80.11276245,75.18681335,29.69000626,17.39999962,12.29000759,23.23333359,24.03000259,24.84667015,22.96666718,1505.199829,276.0999451,16,66.87905884,660.0999146,63.09993362,267.0999451,486.1057739,1279,14,29,11,189,17,56,55,51,19,52,6,21
ALL_RunHi7c-TAG-18.bam,12.4339,4.6547,13,10,8,46,23.91124535,9.110831261,79.15620422,70.66027069,29.30999374,17.79999924,11.50999355,23.3766613,24.37332916,24.8216629,23.10832787,1531.60022,298.9000549,11,72.05339813,697.7001953,57,283,500.7001953,1316,12,31,10,229,15,35,52,50,14,55,6,20
ALL_RunHi7c-TAG-19.bam,11.8784,4.4386,13,10,8,43,24.71458244,9.165828705,78.34040833,82.51534271,30.20000076,18.5,11.70000076,23.95166588,25.38499832,25.76999855,23.7349987,1557.60022,282,12,67.68486786,666.9000854,70.90006256,320.7001953,473.9000549,1383,10,30,9,167,19,76,56,48,18,53,6,21
ALL_RunHi7c-TAG-20.bam,11.3784,4.2959,12,9,8,45,24.15748978,8.624994278,74.93477631,92.87631226,29.61998749,18.10999489,11.50999355,23.28165627,24.93165779,25.31332397,23.01665497,1665.900024,295,14,66.2012558,725.9000854,73,338,534.8001099,1336,12,34,7,205,17,47,52,49,14,52,6,21
ALL_RunHi7c-TAG-21.bam,11.5659,4.4568,13,10,8,44,24.69166946,8.868337631,77.11597443,87.31150818,30.10000038,18.60000038,11.5,23.89333725,25.41500092,25.81333542,23.64500237,1594.700195,284,12.90006447,66.960289,690,69.90006256,325.9000549,502,1364,11,33,9,170,15,44,53,49,16,51,6,21
ALL_RunHi7c-TAG-22.bam,11.4478,4.5546,14,11,9,46,25.07999611,8.523328781,75.36109924,90.94203186,30.40999413,19.10000038,11.30999279,24.28833008,25.78833008,26.30499649,24.05499649,1593.299805,287,11.09993553,68.23020172,715,61.09993362,303.1998596,429.7923584,1286,12,31,9,200,15,41,52,48,17,53,6,21
ALL_RunHi7c-TAG-25.bam,11.4542,3.9729,12,9,7,46,23.16250229,8.621663094,74.97098541,90.02902222,28.70000076,17.20000076,11.5,22.34666824,23.86166954,24.31333542,22.04666901,1634,295,18,65.45718384,674,83,363,465,1321,12,38,7,231,16,42,53,49,11,52,3,22
ALL_RunHi7c-TAG-26.bam,11.4959,3.6324,12,8,7,45,23.32999611,8.600000381,77.40834045,82.55846405,28.60999489,17.5,11.10999393,22.88999557,23.93999672,24.33999634,22.25166512,1667.199829,303,24,63.76580048,665.9000854,99.09993744,381.1998596,439.8001404,1336,11,38,9,231,16,39,51,47,9,53,3,22
ALL_RunHi7c-TAG-27.bam,11.7092,3.4791,11,8,6,44,23.61166763,8.741666794,79.46969604,74.30444336,28.79999924,17.79999924,11,23.23333359,24.13166809,24.51666641,22.6483345,1635.60022,298.0999451,25,62.91251755,655.1998901,102.8001328,372.8001404,421,1372,11,38,9,208,12,23,51,47,11,51,3,22
ALL_RunHi7c-TAG-28.bam,11.7924,3.2093,11,8,6,47,23.54374886,8.800832748,80.74157715,70.19298553,28.70000076,17.79999924,10.90000153,23.20333099,24.00166512,24.39999962,22.63333321,1645,300.9000549,29,61.34121323,658,112,381,407,1295,12,42,7,212,13,22,51,47,7,51,3,23
ALL_RunHi7c-TAG-29.bam,12.1313,2.8125,11,8,6,45,23.48666382,8.965001106,82.32369995,63.88215256,28.60000038,17.70999336,10.89000607,23.22166252,23.79999924,24.28499985,22.6883297,1615.900024,296.9000549,33.09993362,59.72365952,649.9000854,118.0999374,372,390.9000549,1353,12,44,6,227,11,17,50,47,10,47,3,24
ALL_RunHi7c-TAG-30.bam,12.2842,2.8283,11,8,6,46,23.58041382,8.935832024,83.43496704,61.65137863,28.60999489,17.89999962,10.70999432,23.33999634,23.8216629,24.37166405,22.8216629,1612.800171,296.0999451,35,59.43132782,649,120,370,391.8001404,1324,11,44,5,231,11,8,51,47,7,48,3,24
ALL_RunHi7c-TAG-31.bam,11.9048,2.9598,12,8,7,48,23.54750252,8.868332863,82.80477905,64.74783325,28.60000038,17.89000511,10.70999432,23.28166771,23.9133358,24.31666756,22.71333504,1633.499634,301,31,60.3204689,656.1998901,115.1998672,376.2998047,397,1277,12,42,7,231,12,14,51,47,8,49,3,24
ALL_RunHi7c-TAG-32.bam,11.6661,3.0235,11,8,6,47,23.3287468,8.669164658,81.02024078,70.04030609,28.39999962,17.70000076,10.69999886,23.01999855,23.78499794,24.15333176,22.42166328,1679.900024,304.9000549,32,60.1291275,672.9000854,124,400.0999451,399,1285,13,45,7,236,15,34,51,43,8,47,3,25
ALL_RunHi7c-TAG-33.bam,11.3949,2.9307,10,8,6,45,23.40750122,8.631668091,80.07329559,73.62371826,28.49000549,17.70999336,10.78001213,23.03333282,23.91167068,24.23166847,22.40166664,1755.900024,318.9000549,35,59.60630417,704.9000854,144,435,399,1346,12,44,5,234,14,28,51,44,8,49,3,24
ALL_RunHi7c-TAG-34.bam,10.9794,2.9707,12,8,7,48,23.55665398,8.329997063,78.58486938,82.0020752,28.51998711,17.91998672,10.60000038,23.11832047,24.15332031,24.36832047,22.40332031,1938.300415,345,40,59.37046432,785,169.9000702,478.7001953,436.7001953,1277,13,45,5,233,16,26,50,44,9,46,3,25
ALL_RunHi7c-TAG-35.bam,11.4588,3.2964,11,8,7,46,23.50332832,8.576665878,79.41356659,77.85939026,28.60999489,17.80999374,10.80000114,23.09166145,24.05666161,24.4083271,22.45832825,1711.900024,309.8001404,29.09993553,61.58457947,683.9000854,118.1998672,405,421.9000549,1309,13,42,8,209,14,29,51,47,8,51,3,24
ALL_RunHi7c-TAG-37.bam,9.4375,4.3302,15,11,8,46,26.41708374,7.749166965,76.80102539,77.63368988,31.20000076,21.10999489,10.09000683,25.36833191,26.88333321,27.38333321,25.36833191,2906.499756,551.2998047,23,74.14853668,1432.599609,108,405,1432.599609,1288,11,24,2,195,16,54,52,48,15,61,6,18
ALL_RunHi7c-TAG-38.bam,9.4326,4.3728,13,10,7,43,26.42124939,7.922501564,77.67159271,76.94493866,31.29999924,21.10000038,10.19999886,25.3983345,26.86833191,27.40166664,25.3983345,2875.399658,533.2998047,23,72.95833588,1401.499634,109,405.9000549,1401.499634,1369,10,23,2,185,12,26,52,46,13,64,6,16
ALL_RunHi7c-TAG-39.bam,9.4326,4.3728,13,10,7,43,26.42124939,7.922501564,77.67159271,76.94493866,31.29999924,21.10000038,10.19999886,25.3983345,26.86833191,27.40166664,25.3983345,2875.399658,533.2998047,23,72.95833588,1401.499634,109,405.9000549,1401.499634,1369,10,23,2,185,12,26,52,46,13,64,6,16
ALL_RunHi7c-TAG-40.bam,9.6083,4.2312,15,11,9,46,26.33083534,7.480001926,74.87522125,84.8764801,31.09000587,21.10000038,9.990006447,25.1633358,26.93333244,27.32833672,25.1633358,2998.299805,551.1998901,24,73.8319931,1489.499634,108,411.9000549,1489.499634,1270,11,25,15,245,20,77,51,46,17,58,6,19
ALL_RunHi7c-TAG-41.bam,9.6857,4.333,13,10,8,44,26.66083717,7.97500515,76.68273163,82.77684784,31.69000626,21.29000664,10.40000153,25.50833893,27.27833748,27.61166954,25.50833893,2928.099854,505,24,71.66734314,1425.199829,110,414.0999451,1425.199829,1355,13,25,12,190,13,29,52,47,15,60,6,19
ALL_RunHi7c-TAG-42.bam,9.591,4.3443,13,10,8,45,26.36916542,7.878336906,76.4887085,83.67902374,31.29999924,21,10.29999924,25.21999741,26.95333099,27.36833191,25.21999741,2924.199951,515.4996948,24.90006447,71.43741608,1416.799438,113.8001328,418.7001953,1416.799438,1310,12,26,17,193,11,26,50,43,13,61,6,19
ALL_RunHi7c-TAG-43.bam,9.534,4.3821,13,9,7,42,26.47708511,7.907500267,76.77185059,81.25697327,31.39999962,21.10000038,10.29999924,25.39666939,27.01333618,27.48166847,25.39666939,2895,513.2998047,24,71.29593658,1397.299805,113,417.9000549,1397.299805,1387,12,24,12,173,15,41,51,45,14,62,6,18
ALL_RunHi7c-TAG-45.bam,9.5667,4.5044,14,10,8,46,26.42083359,8.338335037,77.92835999,81.49897766,31.5,20.79999924,10.70000076,25.29999924,26.96500015,27.39999962,25.29999924,2886.299805,463.1998596,27,66.76104736,1328.299805,128,440,1328.299805,1303,10,28,5,175,18,69,52,47,13,59,6,19
ALL_RunHi7c-TAG-47.bam,9.5546,4.3666,16,11,9,50,26.4379158,7.924167156,76.93367004,80.75762177,31.39999962,21.10000038,10.29999924,25.35000038,26.96833229,27.43333435,25.35000038,2904.199951,512.3997192,24,71.22502899,1402.599609,113.9000626,419.8001404,1402.599609,1163,13,24,15,221,14,42,50,45,13,64,6,18
ALL_RunHi7c-TAG-50.bam,13.6743,9.9533,15,12,9,42,25.33621407,12.41748333,68.11529541,197.6300659,34.06995392,15.8399744,18.22998047,23.65329933,24.20829582,28.24329567,23.65329933,980.401062,263.5003357,0,112.9636307,643.8007813,0,141.8001251,643.8007813,1383,10,16,29,113,18,100,60,50,21,64,9,16
ALL_RunHi7c-TAG-51.bam,13.6742,9.9533,15,12,9,42,25.33621407,12.41748333,68.11529541,197.6300659,34.06995392,15.8399744,18.22998047,23.65329933,24.20829582,28.24329567,23.65329933,980.401062,263.5003357,0,112.9636307,643.8007813,0,141.8001251,643.8007813,1383,10,16,29,113,18,100,60,50,21,64,9,16
ALL_RunHi7c-TAG-52.bam,13.6742,9.9533,15,12,9,42,25.33621407,12.41748333,68.11529541,197.6300659,34.06995392,15.8399744,18.22998047,23.65329933,24.20829582,28.24329567,23.65329933,980.401062,263.5003357,0,112.9636307,643.8007813,0,141.8001251,643.8007813,1383,10,16,29,113,18,100,60,50,21,64,9,16
ALL_RunHi7c-TAG-55.bam,6.8906,5.8845,14,10,8,43,26.59833527,9.946669579,75.35355377,112.4505005,32.70000076,19.5,13.20000076,25.1483345,27.16666794,28.03333282,25.1483345,1984.799438,330.1998596,12,70.68903351,866.3997192,64,279.0999451,866.3997192,1365,8,19,9,171,12,28,57,46,11,69,9,14
ALL_RunHi7c-TAG-56.bam,5.5025,6.4708,13,9,7,42,25.87249374,9.690001488,72.31344604,120.7967834,32.00999451,18.60999489,13.39999962,24.30832863,26.49499321,27.39332581,24.30832863,1923.800171,320,12,67.86735535,854.1998901,79.90006256,311.7001953,854.1998901,1366,8,15,13,204,15,46,53,49,10,75,9,13
ALL_RunHi7c-TAG-57.bam,5.7706,6.4145,12,8,6,41,25.78458214,10.00249863,73.01094055,119.9325714,32.09999847,18.39999962,13.69999886,24.2349987,26.35333061,27.31666756,24.2349987,1936.099243,329.1998596,13,68.12252045,851.4996948,75.19986725,314.1998596,851.4996948,1406,7,15,6,197,13,28,54,49,8,77,9,12
ALL_RunHi7c-TAG-59.bam,3.5414,8.0797,17,12,9,43,26.05708694,10.49083424,69.01863861,153.6347046,32.89000702,17.69000626,15.20000076,24.23991966,26.91167068,28.07500648,24.11000443,1144.799438,192,6,68.23779297,450.9000549,35.09993362,205.4996796,450.9000549,1352,6,10,20,91,7,13,62,56,16,73,9,11
ALL_RunHi7c-TAG-60.bam,4.927,7.8466,16,12,10,45,24.77292442,10.27916908,71.88230133,127.3335876,31.29000664,16.99000549,14.29999924,23.53834152,25.02500534,26.50500679,23.25500679,1329.899414,239.0999298,8,69.13124084,550.2998047,45.09993362,227.1998749,531.2998047,1331,12,20,18,199,15,45,60,53,20,60,6,17
ALL_RunHi7c-TAG-61.bam,6.7558,7.8474,15,12,10,44,27.35916138,9.94833374,68.60919952,155.682785,34.30999374,19.80999374,14.5,25.94166183,26.6583271,29.62665939,25.94166183,1163.698853,218.1998749,1,84.08382416,578.3997192,12.09993553,137.5996094,578.3997192,1362,15,20,15,158,24,102,62,55,25,56,9,19
ALL_RunHi7c-TAG-62.bam,7.0545,9.2584,12,9,8,43,27.47167778,11.63167381,66.5045929,193.4030762,35.58001328,18.09000587,17.49000549,25.66667747,27.55001068,30.36834335,25.66667747,1261.699585,268.0999451,0,97.72704315,737.1998901,5,88.19986725,737.1998901,1380,32,17,13,124,17,76,58,50,20,63,9,21
ALL_RunHi7c-TAG-64.bam,8.4114,8.8999,13,10,8,41,26.38541222,11.62250233,70.43940735,154.4934082,33.80999374,17.30999374,16.5,24.85666275,25.97166443,28.62665939,24.85666275,1495.700195,320,1,97.30644989,894.9000854,9,262.8001404,894.9000854,1430,24,16,10,46,17,84,59,50,18,66,9,18
ALL_RunHi7c-TAG-65.bam,8.8159,7.2938,17,12,10,44,26.94541359,10.48083591,71.83591461,140.610611,33.70000076,19.10999489,14.59000683,25.77332878,27.13666534,29.05333138,25.56999779,1490.099976,267.0999451,3,82.71910858,703.0999146,17,146,696.0999146,1318,6,12,7,83,18,87,58,48,19,68,9,13
ALL_RunHi7c-TAG-66.bam,7.4898,6.0284,14,10,8,41,27.07458305,9.715833664,74.73719025,114.4471512,33.09999847,20.10000038,12.99999809,25.71500206,27.63166809,28.64999962,25.71500206,1909.599609,300,8,70.93894958,826,55,273.2998047,826,1414,7,18,5,116,18,69,55,47,17,65,9,15
ALL_RunHi7c-TAG-68.bam,7.7837,7.158,16,12,10,42,26.37208748,10.23916817,72.61820221,132.9194641,32.89000702,18.79000664,14.10000229,24.94000626,26.63000107,28.31000519,24.94000626,1452.900024,279,7,78.42145538,659.0999146,29.90006447,178.6002655,659.0999146,1380,7,13,13,119,12,42,60,52,19,68,9,13
ALL_RunHi7c-TAG-69.bam,9.7155,7.5357,13,9,7,41,27.10124969,10.90083313,74.15533447,135.5913849,33.79999924,19.10000038,14.69999886,25.75166512,26.9849987,29.05000114,25.75166512,1499.199829,278.0999451,2,85.69158173,747.0999146,11,138,747.0999146,1429,27,8,10,56,17,80,57,49,16,76,9,15
ALL_RunHi7c-TAG-70.bam,7.4571,9.7999,15,12,9,43,25.4858284,12.2783308,70.56512451,166.7478943,33,15.60000038,17.39999962,23.85666275,24.70333099,27.84332657,23.85666275,1312.60022,303.9000549,0,102.2531433,800.8001099,5,219.9000702,800.8001099,1367,7,22,11,89,15,68,57,50,22,57,6,18
ALL_RunHi7c-TAG-71.bam,7.3145,9.3865,13,10,8,43,25.90583038,11.96833229,69.1811142,178.3750305,33.60999298,16.30999374,17.29999924,24.14166069,25.25499725,28.52332878,24.14166069,1346.099976,290.9000549,0,97.23709106,787.9000854,8,100.1998672,787.9000854,1361,29,18,11,92,16,72,56,50,18,64,6,20
ALL_RunHi7c-TAG-72.bam,7.1664,9.2669,13,9,8,43,26.33875465,11.52750874,67.49117279,185.3036346,34.19000626,17.10999489,17.08001328,24.5766716,26.37833595,29.09167099,24.5766716,1313.199829,278,0,96.64893341,762,6.099935055,98,762,1368,30,17,14,89,16,79,56,50,17,67,9,19
ALL_RunHi7c-TAG-74.bam,7.5118,10.728,16,12,10,42,25.0783329,12.92666531,70.63751221,186.5579987,33.20000076,14.89999962,18.30000114,23.61666679,23.61666679,27.88166809,23.61666679,1105.199829,291,0,111.7682495,724.0999146,1,166.0999298,724.0999146,1394,5,17,10,38,16,80,60,51,25,58,9,16
ALL_RunHi7c-TAG-75.bam,7.6447,10.9325,16,12,10,41,24.91333389,12.82499981,69.70108795,195.6080627,33.20000076,14.80000019,18.40000153,23.55166626,23.26666641,27.86833191,23.26666641,1045.299805,287.0999451,0,114.9786835,700.0999146,1,157,1,1421,4,17,9,0,18,92,60,53,29,55,9,17
ALL_RunHi7c-TAG-76.bam,7.5162,10.7517,16,12,10,42,25.09416771,12.90999889,70.89527893,186.1006165,33.20000076,14.99000645,18.20999527,23.64666939,23.63333321,27.8983345,23.63166809,1100,290,0,111.9017792,722,1,166,73.0533371,1394,5,16,11,20,17,90,60,53,25,59,9,16
ALL_RunHi7c-TAG-77.bam,7.6562,10.9964,16,13,10,41,24.96416855,13.01167011,69.61838531,199.5115204,33.29000473,14.60000038,18.69000626,23.66500092,23.23000336,27.97833633,23.23000336,1021.299805,284.0999451,0,116.1584167,689.1998901,1,151,1,1418,5,14,11,46,18,88,60,52,29,58,9,16
ALL_RunHi7c-TAG-78.bam,7.5518,10.4396,16,12,10,42,25.17999649,12.52166367,70.74385834,174.888092,33,15.30000019,17.70000076,23.63833046,24.02332878,27.76999855,23.63833046,1181.900024,298,0,108.5727005,757,2,182.9000702,757,1399,5,15,16,61,17,85,57,51,21,63,9,15
ALL_RunHi7c-TAG-8.bam,13.3341,3.8207,12,9,7,47,23.32625198,9.355834961,81.42623138,71.8525238,28.99000549,17.5,11.49000645,22.88000298,23.18166733,24.34666824,22.68000221,1603,290,24,61.08967209,650.9000854,95,315,467.9000549,1290,12,41,6,244,15,30,52,48,9,50,3,23
ALL_RunHi7c-TAG-80.bam,7.9716,9.4407,15,11,9,43,24.36499214,11.64333248,70.9959259,156.7123108,31.60999489,15.20999336,16.40000153,22.84332657,23.61330223,26.60999298,22.84332657,1480,326,0,97.34358215,875.0999146,10,266.9000549,875.0999146,1359,6,20,18,97,16,80,56,50,19,61,9,16
ALL_RunHi7c-TAG-81.bam,7.9672,9.8289,16,12,10,42,24.5920887,12.49750137,71.41429901,165.2126007,32.29000473,14.79000664,17.5,23.17333984,23.50833893,27.00833893,23.17333984,1385.499634,325,0,101.567421,846.1998901,7,235.0999298,846.1998901,1392,4,20,8,64,17,81,58,49,25,55,6,17
ALL_RunHi7c-TAG-82.bam,7.8832,8.9079,15,11,9,40,27.05208397,11.4875021,70.47547913,166.8669891,34.29999924,18,16.29999924,25.44833374,26.79333687,29.41000366,25.44833374,1383,288.9000549,0,95.38872528,802,8,108.0999374,802,1438,5,13,10,69,18,87,59,52,17,70,9,12
ALL_RunHi7c-TAG-83.bam,7.9481,9.1434,12,9,7,43,26.0866642,11.52833652,70.72599792,160.234314,33.29999924,17,16.29999924,24.53333282,25.78666496,28.35499573,24.53333282,1430.900024,308.9000549,0,97.33698273,846.9000854,8,254.9000702,846.9000854,1391,30,19,13,92,17,81,58,49,18,63,9,21
ALL_RunHi7c-TAG-84.bam,7.7096,10.3385,16,12,10,42,24.84833145,12.33833504,70.54517365,174.6128845,32.59999847,15.10999393,17.49000549,23.3366642,24.06833267,27.43333244,23.3366642,1218.299805,305,0,107.35569,774.0999146,2,195,774.0999146,1390,4,17,19,29,14,71,58,51,22,61,9,15
ALL_RunHi7c-TAG-85.bam,7.9869,9.9737,15,12,9,43,24.26583099,12.5433321,71.26892853,163.0598755,32.00999451,14.40999317,17.60000038,22.87166405,23.13833046,26.66666603,22.87166405,1346.099976,322,0,103.1218262,831.0999146,5,226,831.0999146,1374,5,18,12,56,17,85,56,50,21,61,9,16
ALL_RunHi7c-TAG-86.bam,8.4324,8.8712,15,11,9,42,26.58584023,11.61167526,70.03422546,157.0241394,34.08001328,17.5,16.58001137,25.04167175,26.18667603,28.85667419,25.04167175,1484,317.9000549,1,97.55374146,889.8001099,9,258.0999451,889.8001099,1409,11,16,10,79,17,81,60,50,20,64,9,16
ALL_RunHi7c-TAG-87.bam,3.6809,7.8572,16,11,9,42,26.28833008,10.34833431,69.92118073,147.6825104,33.00999451,18.20999336,14.79999924,25.62166405,27.15166473,28.20666122,24.4233284,1187,188.9000702,7,65.08354187,455.0999451,42,235,431.8001404,1382,5,10,17,90,7,12,62,56,15,76,9,9
ALL_RunHi7c-TAG-89.bam,4.927,7.8466,16,12,10,45,24.77292442,10.27916908,71.88230133,127.3335876,31.29000664,16.99000549,14.29999924,23.53834152,25.02500534,26.50500679,23.25500679,1329.899414,239.0999298,8,69.13124084,550.2998047,45.09993362,227.1998749,531.2998047,1331,12,20,18,199,15,45,60,53,20,60,6,17
ALL_RunHi7c-TAG-90.bam,4.351,7.5911,17,12,10,46,25.9141655,10.00500202,70.50754547,130.1456604,32.5,18.30999374,14.19000721,24.60499573,26.43333244,27.68333435,24.31999779,1321.199829,217,8,66.73091125,515,46,234.9000702,497.0999451,1285,11,18,15,174,14,47,60,55,18,64,9,16
ALL_RunHi7c-TAG-91.bam,6.7866,8.0686,15,12,10,44,27.61333275,10.24166679,67.42397308,167.6114349,34.89000702,19.70000076,15.19000721,26.0866642,26.86666679,30.08000183,26.0866642,1153.199829,219.9000702,1,85.83702087,588,11,130.0999298,588,1370,12,22,10,75,18,84,62,52,25,53,6,19
ALL_RunHi7c-TAG-92.bam,6.9858,8.4476,17,13,10,43,27.30958748,10.84916782,67.38612366,174.3200531,34.89000702,18.79000664,16.10000229,25.64333725,26.72496223,29.89333725,25.64333725,1207,237,1,89.90513611,648,9,112.9000626,648,1368,7,14,14,92,16,73,60,53,23,63,9,15
ALL_RunHi7c-TAG-93.bam,6.0319,7.8253,17,13,10,44,24.74709129,10.59583569,70.63890839,149.6494293,31.59000587,16.59000587,15,23.1383419,24.45334244,26.90667343,23.1383419,1222.699585,231.0999298,6,75.89009094,551.0999146,33.09993362,176.1998749,551.0999146,1312,6,15,14,142,11,37,61,53,19,67,9,13
ALL_RunHi7c-TAG-94.bam,7.4745,5.8427,14,10,8,43,26.70791626,9.532500267,75.05906677,107.3882065,32.59999847,19.89999962,12.69999886,25.38333321,27.20000076,28.1483345,25.38333321,1997.599609,311.0999451,10.09993553,69.34004974,862.1998901,64.19986725,296.2998047,862.1998901,1370,11,22,8,172,13,34,56,49,16,62,9,17
ALL_RunHi7c-TAG-96.bam,7.7837,7.158,16,12,10,42,26.37208748,10.23916817,72.61820221,132.9194641,32.89000702,18.79000664,14.10000229,24.94000626,26.63000107,28.31000519,24.94000626,1452.900024,279,7,78.42145538,659.0999146,29.90006447,178.6002655,659.0999146,1380,7,13,13,119,12,42,60,52,19,68,9,13
ALL_RunHi7c-TAG-97.bam,7.3775,6.6534,14,10,8,43,25.22000122,9.806667328,72.69607544,123.9157104,31.29000664,17.79999924,13.49000645,23.75,25.68333435,26.93166733,23.75,1657.598999,296.0999451,8,75.04631042,728.1998901,39.09993362,223.4996796,728.1998901,1360,12,25,16,215,16,41,56,47,13,62,6,17
ALL_RunHi8c-TAG-10.bam,-0.9657,7.79,16,12,10,40,27.19124985,9.949167252,71.57673645,130.0186005,33.40000153,19.5,13.90000153,26.68166733,27.66666603,28.99833488,25.68166733,1208.900024,198,5,67.89550018,486,37,209.9000702,474,1442,12,7,16,75,9,30,61,54,26,68,9,13
ALL_RunHi8c-TAG-11.bam,-0.9743,7.807,17,13,11,40,27.20958328,9.98250103,71.30357361,130.0102386,33.5,19.5,14,26.68499947,27.70166588,29.01833344,25.70000076,1204.800171,198,5,68.12268066,484.9000549,37,208,474.9000549,1430,11,6,16,49,8,28,60,54,27,67,9,13
ALL_RunHi8c-TAG-12.bam,-0.9636,7.8194,17,13,10,41,27.26791763,10.03916836,71.25048828,130.4270935,33.59000397,19.5,14.09000492,26.74666786,27.74833488,29.08166695,25.74500275,1201.099976,198,5,68.54010773,485,35.09993362,206,476,1405,17,7,17,52,6,15,61,53,28,65,9,15
ALL_RunHi8c-TAG-13.bam,-1.8374,8.1481,14,11,9,41,27.33166313,9.704997063,68.78110504,153.5802307,33.80999374,19.70000076,14.10999203,26.57332802,28.2749939,29.40333176,25.50666237,1111.700195,180.9000702,4,66.60748291,429.9000549,33,216,418.8001404,1430,31,10,15,76,8,23,62,55,25,64,9,18
ALL_RunHi8c-TAG-14.bam,-1.7824,8.1297,14,11,9,42,27.40042496,9.759165764,69.21395111,149.796524,33.79000473,19.69000626,14.09999847,26.65500641,28.33667564,29.40334129,25.60667419,1119.199829,182.0999298,4,66.65966797,434.9000549,33,217,421.0999451,1407,32,13,14,71,5,2,63,55,30,57,9,20
ALL_RunHi8c-TAG-15.bam,-0.3372,9.4227,13,9,8,39,27.50458336,11.14249992,66.72155762,181.8139191,35.09999847,18.39999962,16.69999886,25.54999924,27.81666756,30.15166473,25.54999924,1164.700195,240.9000702,2,87.81101227,630.8001099,14,129,630.8001099,1477,31,11,11,42,12,50,62,52,21,67,9,18
ALL_RunHi8c-TAG-16.bam,-0.3299,9.4187,13,10,8,39,27.40041542,11.11749935,66.9728775,181.0894623,34.90000153,18.29999924,16.60000229,25.45000076,27.7349987,30.03333282,25.45000076,1170.500366,241.9000702,2,87.92019653,634.7001953,14,129,634.7001953,1474,24,11,13,45,12,52,62,52,21,68,9,16
ALL_RunHi8c-TAG-17.bam,5.05,7.3833,15,11,9,44,25.30375099,9.972501755,72.26449585,119.3412476,31.70000076,17.89999962,13.80000114,23.85000038,25.6483345,26.91500092,23.85000038,1426,246,8,67.15348053,587.1998901,54,254,587.1998901,1358,12,21,12,164,14,45,59,53,18,61,9,17
ALL_RunHi8c-TAG-18.bam,9.5,8.2,14,10,8,41,27.60291481,11.01749897,71.54220581,155.9068604,34.5,19.10000038,15.39999962,26.18666458,27.25333214,29.83499908,26.18666458,1323.099976,257,0,91.29420471,708,4,260,708,1418,25,12,7,72,16,73,61,53,21,67,9,17
ALL_RunHi8c-TAG-19.bam,8.3,9.42,14,11,8,44,25.10622406,11.77749348,70.86364746,159.826416,32.44997025,15.82998085,16.61998749,23.60330963,24.52663803,27.45664024,23.60330963,1501.301147,334.8001404,0,98.36352539,898.6002808,8.900064468,261.3004456,898.6002808,1340,27,21,14,143,19,87,58,49,23,57,6,22
ALL_RunHi8c-TAG-22.bam,1.53,9.42,13,10,8,42,26.11291885,12.04916763,70.05330658,163.4825287,33.59999847,16.39999962,17.19999886,24.09833527,26.77667046,28.33333397,24.09833527,1267.39978,268,2,92.70742035,734.1998901,12,141.0999298,734.1998901,1420,30,16,14,77,10,38,61,50,19,66,9,19
ALL_RunHi8c-TAG-23.bam,8.8551,9.81,15,11,9,43,21.89500618,11.9766655,70.45097351,167.3825836,29.89000511,12.89000607,17,20.54333687,20.68834114,24.37334061,20.54333687,1253.199829,293.0999451,1,103.1095428,761,4,239.1998749,761,1382,7,23,21,64,17,86,56,50,25,52,6,19
ALL_RunHi8c-TAG-24.bam,13.7696,4.5782,14,11,9,45,23.70291519,10.09750175,81.43146515,72.30122375,29.60000038,17.20000076,12.39999962,23.20333099,23.66999817,24.66999817,22.91833305,1503.099976,268.0999451,17.09993553,64.52985382,668.9000854,68.09993744,258,512.7001953,1326,13,31,10,211,17,57,56,48,18,52,6,21
ALL_RunHi8c-TAG-25.bam,11.4854,4.4826,13,10,8,43,25.25666237,8.80499649,75.90514374,91.13993835,30.70999336,19.10999489,11.60000038,24.44332695,25.97166443,26.47166443,24.20666313,1602.099976,289,12.90006447,67.47479248,708,67.90006256,316.1998596,521,1373,10,29,8,159,14,42,56,48,17,55,6,19
ALL_RunHi8c-TAG-26.bam,9.4375,4.3302,15,11,8,46,26.41708374,7.749166965,76.80102539,77.63368988,31.20000076,21.10999489,10.09000683,25.36833191,26.88333321,27.38333321,25.36833191,2906.499756,551.2998047,23,74.14853668,1432.599609,108,405,1432.599609,1288,11,24,2,195,16,54,52,48,15,61,6,18
ALL_RunHi8c-TAG-27.bam,9.4404,4.3253,15,11,8,46,26.41708374,7.749166965,76.80102539,77.63368988,31.20000076,21.10999489,10.09000683,25.36833191,26.88333321,27.38333321,25.36833191,2906.499756,551.2998047,23,74.14853668,1432.599609,108,405,1432.599609,1288,11,24,2,195,16,54,52,48,15,61,6,18
ALL_RunHi8c-TAG-28.bam,9.6857,4.333,13,10,8,44,26.66083717,7.97500515,76.68273163,82.77684784,31.69000626,21.29000664,10.40000153,25.50833893,27.27833748,27.61166954,25.50833893,2928.099854,505,24,71.66734314,1425.199829,110,414.0999451,1425.199829,1355,13,25,12,190,13,29,52,47,15,60,6,19
ALL_RunHi8c-TAG-29.bam,9.534,4.3821,13,9,7,42,26.47708511,7.907500267,76.77185059,81.25697327,31.39999962,21.10000038,10.29999924,25.39666939,27.01333618,27.48166847,25.39666939,2895,513.2998047,24,71.29593658,1397.299805,113,417.9000549,1397.299805,1387,12,24,12,173,15,41,51,45,14,62,6,18
ALL_RunHi8c-TAG-31.bam,5.769,6.4128,12,8,6,41,25.78458214,10.00249863,73.01094055,119.9325714,32.09999847,18.39999962,13.69999886,24.2349987,26.35333061,27.31666756,24.2349987,1936.099243,329.1998596,13,68.12252045,851.4996948,75.19986725,314.1998596,851.4996948,1406,7,15,6,197,13,28,54,49,8,77,9,12
ALL_RunHi8c-TAG-32.bam,4.9072,7.1538,15,11,9,43,25.60666275,9.603330612,71.18900299,120.1268387,31.89999962,18.40999413,13.49000645,24.09166145,26.08832932,27.1883297,24.09166145,1531,253,8,66.76097107,630.0999146,57.90006638,276.0999451,630.0999146,1355,11,19,22,177,13,46,56,53,17,65,6,16
ALL_RunHi8c-TAG-33.bam,5.5469,7.2219,14,10,8,42,25.23999596,10.04500294,72.3183136,124.1112823,31.60000038,17.70999336,13.89000607,23.73999596,25.60999298,26.92166328,23.73999596,1411.399048,254.0999298,8,67.01133728,608.1998901,59.09993362,247.5996094,608.1998901,1401,8,16,10,170,12,29,59,51,14,70,9,13
ALL_RunHi8c-TAG-34.bam,3.539,8.0751,17,12,9,43,26.05708694,10.49083424,69.01863861,153.6347046,32.89000702,17.69000626,15.20000076,24.23991966,26.91167068,28.07500648,24.11000443,1144.799438,192,6,68.23779297,450.9000549,35.09993362,205.4996796,450.9000549,1352,6,10,20,91,7,13,62,56,16,73,9,11
ALL_RunHi8c-TAG-35.bam,3.6283,8.7605,14,11,8,45,25.95166206,11.24832916,71.14696503,155.1049194,32.90999603,17.10000038,15.8099947,24.04166031,26.53833008,28.07332993,24.04166031,1110.699585,210,4,77.53701782,512.8001099,22,153.5996094,512.8001099,1309,31,14,14,78,12,51,61,53,18,68,9,18
ALL_RunHi8c-TAG-36.bam,3.5414,8.0797,17,12,9,43,26.05708694,10.49083424,69.01863861,153.6347046,32.89000702,17.69000626,15.20000076,24.23991966,26.91167068,28.07500648,24.11000443,1144.799438,192,6,68.23779297,450.9000549,35.09993362,205.4996796,450.9000549,1352,6,10,20,91,7,13,62,56,16,73,9,11
ALL_RunHi8c-TAG-38.bam,6.4843,7.7278,16,12,9,41,26.83125496,10.38750267,68.38389587,160.2059326,33.99000549,18.79999924,15.19000721,25.26167107,26.27500534,29.19000626,25.26167107,1197.800171,223,5,79.11045074,557.8001099,21,163,557.8001099,1425,7,12,12,114,16,69,61,53,21,67,9,13
ALL_RunHi8c-TAG-39.bam,5.739,7.7685,15,11,9,43,23.98874664,10.39750195,72.20487213,132.5375824,30.50999451,16.10999489,14.39999962,22.50499725,23.79663658,25.85832787,22.50499725,1309.799438,244,8,71.92144775,567.0999146,44,211.2998047,567.0999146,1360,8,17,12,134,12,39,60,53,17,67,9,14
ALL_RunHi8c-TAG-40.bam,5.419,7.8038,16,12,10,45,24.38291931,10.33583736,72.32919312,128.6290283,30.79000664,16.5,14.29000568,22.87833595,24.64500237,26.16167068,22.87833595,1299.899414,240.0999298,7,71.22682953,557.1998901,43.09993362,209.4996796,557.1998901,1310,11,22,14,201,14,43,59,54,21,57,6,18
ALL_RunHi8c-TAG-41.bam,6.0466,7.8254,17,13,10,44,24.77249527,10.61833191,70.32007599,150.4402618,31.70000076,16.60000038,15.10000038,23.15499687,24.47499466,26.93666458,23.15499687,1220.60022,230.9000702,6,76.1476593,551.7001953,32,175,551.7001953,1316,6,14,13,119,12,45,61,52,18,68,9,13
ALL_RunHi8c-TAG-42.bam,7.0545,9.2584,12,9,8,43,27.47167778,11.63167381,66.5045929,193.4030762,35.58001328,18.09000587,17.49000549,25.66667747,27.55001068,30.36834335,25.66667747,1261.699585,268.0999451,0,97.72704315,737.1998901,5,88.19986725,737.1998901,1380,32,17,13,124,17,76,58,50,20,63,9,21
ALL_RunHi8c-TAG-43.bam,7.8799,8.9086,15,11,9,40,27.05208397,11.4875021,70.47547913,166.8669891,34.29999924,18,16.29999924,25.44833374,26.79333687,29.41000366,25.44833374,1383,288.9000549,0,95.38872528,802,8,108.0999374,802,1438,5,13,10,69,18,87,59,52,17,70,9,12
ALL_RunHi8c-TAG-44.bam,7.7096,10.3302,16,12,10,42,24.87291527,12.30250359,70.70404816,173.3204346,32.59999847,15.19999981,17.39999962,23.36833191,24.08499908,27.43499756,23.36833191,1220.900024,305,0,107.2602921,775,2,195,775,1390,4,17,19,29,13,68,59,52,23,61,9,15
ALL_RunHi8c-TAG-45.bam,8.5748,8.3444,12,9,7,40,27.25042152,11.02750397,71.19113922,152.9779205,34.19000626,18.70000076,15.49000645,25.72667122,27.14333725,29.44333839,25.72667122,1312.599609,257,0,91.92232513,722,7,106.1998672,722,1458,29,11,8,57,18,84,59,51,18,72,9,17
ALL_RunHi8c-TAG-46.bam,2.3,10.2,12,9,8,42,26.5858345,12.46500683,71.2692337,170.1689758,34.09000397,16.60000038,17.49000549,24.78333282,25.89999962,28.94833374,24.78333282,1075.099976,242,1,102.2098465,663,5,78,663,1429,31,18,13,53,14,65,62,50,22,60,9,21
ALL_RunHi8c-TAG-47.bam,1.74,7.24,17,12,9,43,27.00083351,9.915001869,70.36927032,139.4238129,33.40000153,19.30999374,14.09000874,27.21833229,27.55000114,28.66666794,25.18499947,1020.499695,143.0999298,7,62.23832321,401.2998047,38,230.4996796,368.8001404,1371,7,12,12,116,10,30,65,58,15,73,9,11
ALL_RunHi8c-TAG-48.bam,2.3072,10.2675,16,12,10,41,26.71666908,12.67166901,71.59135437,171.3455811,34.29999924,16.60000038,17.69999886,24.96000481,25.98996353,29.10833931,24.96000481,1071.800781,243,0.900064707,102.676178,662.8001099,4.800129414,183.6080322,662.8001099,1440,5,16,11,48,16,74,61,50,23,62,9,14
ALL_RunHi8c-TAG-49.bam,2.3081,10.2297,16,12,10,40,26.72041702,12.60750008,71.2288208,170.5278473,34.29999924,16.60000038,17.69999886,24.93333244,26,29.08333397,24.93333244,1071.199829,241,0.099935278,102.1438828,659,4.099935055,78.09993744,659,1448,6,16,10,51,15,67,63,52,24,60,9,15
ALL_RunHi8c-TAG-50.bam,2.3072,10.2675,16,12,10,41,26.71666908,12.67166901,71.59135437,171.3455811,34.29999924,16.60000038,17.69999886,24.96000481,25.98996353,29.10833931,24.96000481,1071.800781,243,0.900064707,102.676178,662.8001099,4.800129414,183.6080322,662.8001099,1440,5,16,11,48,16,74,61,50,23,62,9,14
ALL_RunHi8c-TAG-51.bam,2.3139,10.2756,15,12,10,41,26.76250458,12.7216692,71.8738327,170.2392883,34.39000702,16.69000626,17.70000076,25.04000664,25.94333839,29.14167213,25.04000664,1069.199829,242,1,102.5439377,660.0999146,5,196,660.0999146,1448,5,17,11,78,15,67,62,51,23,61,9,15
ALL_RunHi8c-TAG-52.bam,2.3106,10.2569,15,12,10,41,26.71749687,12.64166641,71.42184448,170.7073517,34.30999374,16.60999489,17.69999886,24.95499611,25.95499611,29.08832932,24.95499611,1065.199829,241.9000702,0,102.9214172,659.8001099,4,182.3075714,659.8001099,1445,6,17,10,59,16,73,62,51,24,59,9,16
ALL_RunHi8c-TAG-53.bam,2.3072,10.2675,16,12,10,41,26.71666908,12.67166901,71.59135437,171.3455811,34.29999924,16.60000038,17.69999886,24.96000481,25.98996353,29.10833931,24.96000481,1071.800781,243,0.900064707,102.676178,662.8001099,4.800129414,183.6080322,662.8001099,1440,5,16,11,48,16,74,61,50,23,62,9,14
ALL_RunHi8c-TAG-54.bam,2.3286,10.2433,15,12,10,41,26.78125191,12.66583443,71.51822662,171.1906281,34.40000153,16.69000626,17.70999527,25.01333618,26.0150013,29.14999962,25.01333618,1066.199829,240,0,102.3337708,656.0999146,4,76.09993744,656.0999146,1438,6,19,11,79,18,78,63,51,24,58,6,16
ALL_RunHi8c-TAG-7.bam,-0.3705,6.5427,16,12,9,43,24.84665871,9.436664581,75.43325043,105.647934,30.51998711,18.00999451,12.50999355,25.26332474,25.34665871,26.21499062,23.49665833,1462.300415,215.0999298,24,50.40066528,533,122,341.8001404,406.7001953,1350,12,16,22,199,10,16,59,56,20,65,9,15
ALL_RunHi8c-TAG-8.bam,-1.2587,6.9427,16,12,9,43,24.97620392,9.394165039,74.4980545,109.4336166,30.57994843,17.96995354,12.60999393,24.56989098,25.48828697,26.32495117,23.50828552,1254.300415,192.9000702,9,57.59580231,478.8001404,79.90006256,284.8001404,383.6002502,1349,10,15,10,191,10,15,59,57,18,68,9,14
ALL_RunHi8c-TAG-9.bam,-1.3263,7.5408,17,12,10,41,26.49416733,9.576664925,72.55049133,119.3477859,32.5,19.29999924,13.20000076,26.04833412,26.98000145,28.13166809,25.08166695,1206.199829,185,5,64.80867767,478.1998596,44,237.0999298,423,1410,4,8,13,118,5,0,62,55,21,72,9,10